verantwoordelijke,000,10,100,11,12,13,14,15,16,17,18,19,20,2010,2011,2015,2016,2017,2018,2019,2020,2021,2025,21,22,23,24,25,26,27,28,29,30,31,32,35,40,50,59,60,61,62,63,64,65,66,67,68,69,70,aan,aanpak,aantal,advies,af,al,alle,alleen,als,and,andere,antwoord,artikel,basis,bedrijven,belang,betreft,bij,bijlage,bijvoorbeeld,binnen,brief,daarbij,daarnaast,dan,data,datum,deel,den,deze,die,dit,doen,door,dus,eerste,eigen,er,eu,euro,europese,extra,figuur,financiële,for,gaan,gaat,gebruik,geeft,geen,gegevens,geldt,gemaakt,gemeenten,geval,geven,goed,grond,grote,haag,hebben,heeft,hier,hierbij,hoe,https,huidige,hun,ii,ik,indien,informatie,ja,jaar,jaren,kabinet,kader,kamer,kan,kenmerk,km,knooppunt,komen,komt,kosten,kunnen,leden,lid,maar,maatregelen,maken,mbo,meer,mensen,met,miljoen,minder,minister,ministerie,moet,moeten,mogelijk,na,naar,nederland,nederlandse,nemen,niet,nieuwe,nl,nodig,nog,nr,nu,of,om,omdat,on,onder,onderdeel,onderwijs,onderzoek,ontwikkeling,onze,ook,op,opgenomen,over,overige,pagina,partijen,per,periode,personen,problemen,programma,raad,rapport,regeling,regio,respondenten,resultaten,risico,rws,samen,samenwerking,scholen,sector,sprake,staat,tabel,te,ten,the,to,toe,tot,totaal,tussen,twee,tweede,uit,uw,vanuit,veel,verder,verschillende,via,voor,vraag,vragen,waar,waarbij,waarin,was,wat,we,wel,welke,werd,werken,wet,worden,wordt,www,zaken,zal,ze,zich,zie,zien,zij,zijn,zo,zoals,zorg,zou,zowel,zullen,één
Onbekend,0.0,3.6666666666666665,0.6666666666666666,1.3333333333333333,1.3333333333333333,1.6666666666666667,5.666666666666667,0.6666666666666666,0.3333333333333333,0.6666666666666666,0.3333333333333333,0.6666666666666666,2.3333333333333335,1.6666666666666667,3.0,2.0,0.3333333333333333,0.0,0.0,0.0,0.6666666666666666,0.0,0.0,0.6666666666666666,1.0,0.6666666666666666,0.6666666666666666,1.0,0.3333333333333333,0.3333333333333333,0.3333333333333333,0.3333333333333333,0.3333333333333333,1.3333333333333333,1.0,0.3333333333333333,1.0,1.3333333333333333,0.0,0.0,0.0,0.0,0.0,0.0,0.0,0.0,0.3333333333333333,0.0,0.0,0.0,19.0,0.6666666666666666,4.0,0.6666666666666666,0.6666666666666666,4.666666666666667,6.0,1.6666666666666667,12.0,0.0,5.333333333333333,1.3333333333333333,0.0,2.0,0.3333333333333333,3.0,2.3333333333333335,23.0,4.333333333333333,3.3333333333333335,4.666666666666667,2.6666666666666665,3.6666666666666665,2.0,9.666666666666666,0.0,5.0,3.0,2.3333333333333335,11.333333333333334,15.0,11.666666666666666,1.0,15.666666666666666,1.0,0.6666666666666666,1.0,14.0,0.3333333333333333,2.6666666666666665,0.3333333333333333,1.3333333333333333,0.0,0.6666666666666666,0.0,6.0,6.0,1.0,0.6666666666666666,5.333333333333333,0.3333333333333333,0.3333333333333333,1.6666666666666667,4.333333333333333,0.6666666666666666,3.3333333333333335,5.0,0.6666666666666666,3.3333333333333335,2.3333333333333335,5.666666666666667,23.0,2.0,1.3333333333333333,12.666666666666666,0.0,1.3333333333333333,3.6666666666666665,0.0,36.666666666666664,4.0,1.0,11.0,5.333333333333333,1.0,1.0,1.6666666666666667,5.0,7.333333333333333,0.3333333333333333,0.0,0.0,2.6666666666666665,2.6666666666666665,0.0,7.333333333333333,0.0,0.6666666666666666,4.0,0.3333333333333333,4.666666666666667,0.0,6.666666666666667,1.6666666666666667,42.0,2.6666666666666665,1.3333333333333333,0.6666666666666666,0.3333333333333333,3.3333333333333335,2.3333333333333335,12.0,4.0,13.333333333333334,0.3333333333333333,0.6666666666666666,1.0,15.666666666666666,5.666666666666667,4.0,2.6666666666666665,5.333333333333333,1.3333333333333333,3.6666666666666665,26.666666666666668,25.666666666666668,1.3333333333333333,0.0,3.0,5.666666666666667,43.666666666666664,2.6666666666666665,0.3333333333333333,5.0,19.333333333333332,44.0,1.6666666666666667,18.666666666666668,0.3333333333333333,5.0,0.6666666666666666,5.666666666666667,2.3333333333333335,3.0,0.3333333333333333,0.0,0.6666666666666666,0.6666666666666666,0.3333333333333333,4.333333333333333,0.0,0.0,0.3333333333333333,0.0,3.0,4.0,13.666666666666666,0.0,1.0,1.6666666666666667,0.0,41.0,1.6666666666666667,0.0,0.0,1.3333333333333333,6.666666666666667,0.0,7.0,2.0,4.333333333333333,5.666666666666667,25.666666666666668,0.6666666666666666,8.666666666666666,3.0,1.0,1.0,36.666666666666664,3.3333333333333335,8.333333333333334,3.0,0.3333333333333333,0.6666666666666666,6.666666666666667,8.0,1.0,3.6666666666666665,3.0,6.0,3.3333333333333335,1.0,17.0,17.333333333333332,1.0,1.6666666666666667,3.0,4.333333333333333,5.333333333333333,1.0,1.3333333333333333,5.333333333333333,14.666666666666666,7.333333333333333,3.3333333333333335,1.6666666666666667,7.0,1.6666666666666667,0.6666666666666666,3.6666666666666665
ministerie van Algemene Zaken,0.6,0.8,0.0,0.4,0.0,1.4,0.4,1.2,0.2,0.2,0.4,0.8,1.6,0.0,0.0,0.0,0.8,0.0,0.6,7.0,1.6,0.0,0.0,0.4,0.8,0.2,0.2,0.2,0.0,0.4,0.2,0.6,0.4,1.6,0.0,0.2,0.2,0.4,0.0,0.0,0.0,0.0,0.0,0.0,0.0,0.0,0.0,0.2,0.0,0.6,2.8,0.0,0.2,0.0,0.6,0.2,0.8,0.0,3.8,13.8,2.8,0.0,2.6,2.2,0.0,1.8,0.2,4.0,2.4,0.0,1.2,0.0,0.8,0.4,0.4,0.0,1.2,0.6,2.2,4.0,5.2,2.4,0.6,1.4,0.0,1.2,0.4,0.2,0.4,0.0,0.0,0.4,0.0,9.4,5.4,0.6,0.0,0.2,0.0,2.0,0.0,0.0,0.0,0.0,0.0,1.2,0.0,1.2,0.0,2.2,4.2,1.2,0.0,0.0,0.0,0.0,0.0,0.2,0.6,1.2,0.2,3.8,0.0,0.0,0.0,0.2,0.4,0.2,0.4,0.2,0.0,0.0,0.0,0.0,0.4,0.4,0.2,2.0,0.2,0.0,0.2,0.0,0.6,0.0,4.8,0.0,0.0,4.2,4.4,0.0,0.0,0.4,0.2,1.6,0.2,0.6,0.2,5.2,0.0,0.6,0.2,0.0,0.4,0.0,16.6,0.8,0.0,1.2,1.2,2.0,0.0,2.4,0.2,6.6,0.6,7.6,3.6,5.4,0.6,0.2,0.0,0.6,0.6,0.0,0.0,0.0,0.0,1.4,0.8,0.0,0.0,0.0,0.8,0.0,0.4,0.0,0.0,0.4,0.4,0.0,0.4,2.8,0.6,24.0,9.4,0.0,1.6,0.4,0.2,0.0,1.0,3.6,0.2,0.6,0.0,0.4,0.2,0.8,6.8,0.0,0.0,0.2,0.6,0.0,1.4,0.4,4.6,0.4,0.0,0.0,0.0,0.4,0.8,1.6,0.6,6.0,0.0,0.0,0.0,0.2,0.0,0.0,6.8,0.0,0.2,0.0,0.0,0.0,0.2,0.0
"ministerie van Algemene Zaken,ministerie van Economische Zaken en Klimaat",0.0,17.0,0.0,17.0,23.0,12.0,11.0,10.0,20.0,7.0,9.0,15.0,10.0,0.0,0.0,0.0,0.0,0.0,1.0,0.0,2.0,0.0,0.0,7.0,7.0,10.0,7.0,7.0,9.0,9.0,10.0,7.0,9.0,5.0,8.0,4.0,7.0,4.0,8.0,2.0,3.0,0.0,5.0,6.0,6.0,8.0,3.0,2.0,8.0,5.0,41.0,0.0,23.0,0.0,1.0,14.0,2.0,0.0,21.0,3.0,17.0,6.0,0.0,7.0,3.0,0.0,0.0,7.0,0.0,0.0,3.0,0.0,1.0,1.0,9.0,0.0,1.0,5.0,0.0,6.0,11.0,11.0,36.0,18.0,3.0,16.0,3.0,14.0,0.0,0.0,0.0,3.0,0.0,0.0,0.0,1.0,3.0,3.0,2.0,9.0,0.0,2.0,2.0,0.0,0.0,4.0,4.0,0.0,0.0,0.0,2.0,10.0,1.0,0.0,5.0,0.0,3.0,5.0,0.0,38.0,0.0,1.0,0.0,1.0,1.0,1.0,0.0,0.0,22.0,0.0,0.0,0.0,2.0,0.0,0.0,8.0,0.0,0.0,3.0,18.0,4.0,0.0,4.0,26.0,41.0,0.0,7.0,0.0,0.0,5.0,1.0,4.0,39.0,4.0,3.0,0.0,2.0,47.0,1.0,1.0,0.0,6.0,0.0,2.0,26.0,31.0,3.0,0.0,6.0,2.0,0.0,7.0,0.0,0.0,26.0,41.0,1.0,2.0,2.0,2.0,0.0,3.0,0.0,1.0,0.0,1.0,0.0,1.0,0.0,1.0,0.0,13.0,0.0,0.0,7.0,0.0,0.0,0.0,4.0,5.0,0.0,46.0,6.0,3.0,0.0,1.0,3.0,1.0,5.0,4.0,26.0,14.0,0.0,0.0,3.0,0.0,1.0,2.0,63.0,1.0,0.0,1.0,2.0,0.0,0.0,15.0,10.0,6.0,1.0,1.0,0.0,0.0,11.0,8.0,1.0,0.0,0.0,7.0,5.0,0.0,4.0,6.0,15.0,0.0,2.0,0.0,1.0,0.0,0.0,6.0
ministerie van Binnenlandse Zaken en Koninkrijksrelaties,15.014492753623188,22.695652173913043,10.072463768115941,11.173913043478262,9.53623188405797,8.81159420289855,10.391304347826088,12.36231884057971,6.6231884057971016,5.594202898550725,12.507246376811594,17.043478260869566,28.014492753623188,0.8405797101449275,1.9130434782608696,12.608695652173912,4.246376811594203,11.159420289855072,28.956521739130434,34.768115942028984,18.246376811594203,3.927536231884058,0.2028985507246377,7.449275362318841,5.797101449275362,5.101449275362318,4.7101449275362315,6.869565217391305,3.652173913043478,4.130434782608695,4.27536231884058,3.9420289855072466,9.72463768115942,5.028985507246377,2.6231884057971016,14.347826086956522,7.3768115942028984,13.695652173913043,0.7391304347826086,4.115942028985507,0.7681159420289855,1.391304347826087,0.9565217391304348,0.855072463768116,1.9565217391304348,0.7391304347826086,1.3043478260869565,2.318840579710145,1.289855072463768,4.492753623188406,32.89855072463768,2.608695652173913,6.188405797101449,1.3768115942028984,1.681159420289855,3.391304347826087,5.6521739130434785,4.260869565217392,17.08695652173913,1.2608695652173914,6.391304347826087,1.4492753623188406,4.594202898550725,4.36231884057971,0.8840579710144928,1.9420289855072463,4.3478260869565215,23.753623188405797,3.101449275362319,2.101449275362319,4.0144927536231885,8.18840579710145,2.3333333333333335,2.710144927536232,13.289855072463768,0.5362318840579711,2.0,3.463768115942029,4.086956521739131,18.507246376811594,21.07246376811594,18.82608695652174,2.36231884057971,17.08695652173913,2.347826086956522,7.0144927536231885,3.0579710144927534,14.115942028985508,0.9130434782608695,1.1014492753623188,1.2753623188405796,2.5217391304347827,2.579710144927536,3.246376811594203,0.8985507246376812,2.9565217391304346,2.8260869565217392,4.072463768115942,2.0579710144927534,13.08695652173913,4.173913043478261,3.681159420289855,4.666666666666667,8.594202898550725,1.434782608695652,2.536231884057971,2.5072463768115942,8.318840579710145,2.2753623188405796,2.9130434782608696,9.594202898550725,9.884057971014492,1.8695652173913044,1.9710144927536233,3.8115942028985508,12.565217391304348,2.1159420289855073,4.27536231884058,15.927536231884059,5.449275362318841,4.3768115942028984,4.869565217391305,1.6521739130434783,7.971014492753623,2.0144927536231885,1.5507246376811594,2.5942028985507246,32.01449275362319,8.36231884057971,3.739130434782609,0.014492753623188406,0.014492753623188406,2.869565217391304,1.9275362318840579,4.449275362318841,8.289855072463768,6.086956521739131,4.942028985507246,4.768115942028985,2.4782608695652173,4.463768115942029,0.14492753623188406,7.681159420289855,2.2318840579710146,41.3768115942029,1.0579710144927537,1.9710144927536233,10.579710144927537,5.0144927536231885,2.6231884057971016,2.9565217391304346,4.449275362318841,3.5072463768115942,15.478260869565217,3.391304347826087,2.101449275362319,2.0434782608695654,24.434782608695652,5.260869565217392,16.89855072463768,2.5072463768115942,5.260869565217392,26.47826086956522,1.8405797101449275,21.17391304347826,24.82608695652174,2.449275362318841,1.0579710144927537,8.884057971014492,1.6956521739130435,0.8985507246376812,10.681159420289855,2.289855072463768,3.9130434782608696,13.63768115942029,53.7536231884058,3.217391304347826,20.840579710144926,4.173913043478261,3.0579710144927534,2.6666666666666665,12.057971014492754,1.463768115942029,0.7101449275362319,0.5362318840579711,2.8260869565217392,2.739130434782609,2.536231884057971,1.2608695652173914,1.2463768115942029,0.9420289855072463,3.536231884057971,1.4927536231884058,0.18840579710144928,2.36231884057971,2.217391304347826,0.2608695652173913,1.0,1.8405797101449275,4.2898550724637685,6.594202898550725,59.333333333333336,5.6521739130434785,3.6231884057971016,1.855072463768116,8.217391304347826,13.130434782608695,9.347826086956522,4.521739130434782,2.101449275362319,22.695652173913043,11.0,3.2028985507246377,1.7826086956521738,2.5942028985507246,2.2318840579710146,2.9130434782608696,3.1594202898550723,66.10144927536231,5.869565217391305,4.130434782608695,3.550724637681159,2.1884057971014492,2.0869565217391304,2.6231884057971016,4.739130434782608,9.18840579710145,3.101449275362319,3.550724637681159,1.173913043478261,1.7971014492753623,5.840579710144928,22.681159420289855,21.942028985507246,4.36231884057971,6.927536231884058,6.115942028985507,1.565217391304348,3.0144927536231885,1.8115942028985508,2.2753623188405796,3.318840579710145,34.73913043478261,4.246376811594203,5.333333333333333,0.8405797101449275,2.8550724637681157,1.5797101449275361,1.8405797101449275,2.289855072463768
"ministerie van Binnenlandse Zaken en Koninkrijksrelaties,ministerie van Justitie en Veiligheid,ministerie van Sociale Zaken en Werkgelegenheid,ministerie van Volksgezondheid, Welzijn en Sport",0.0,3.0,2.0,21.0,22.0,3.0,22.0,4.0,3.0,2.0,3.0,33.0,20.0,0.0,0.0,0.0,0.0,0.0,3.0,17.0,51.0,13.0,0.0,7.0,1.0,2.0,2.0,1.0,3.0,4.0,0.0,8.0,2.0,0.0,3.0,6.0,0.0,6.0,0.0,0.0,0.0,0.0,0.0,0.0,0.0,0.0,0.0,0.0,0.0,0.0,80.0,6.0,7.0,29.0,1.0,20.0,4.0,3.0,25.0,0.0,26.0,0.0,4.0,6.0,2.0,7.0,2.0,56.0,2.0,10.0,2.0,7.0,16.0,7.0,18.0,0.0,20.0,2.0,3.0,78.0,58.0,35.0,2.0,34.0,6.0,8.0,3.0,33.0,6.0,0.0,4.0,15.0,0.0,7.0,0.0,16.0,21.0,20.0,3.0,9.0,5.0,4.0,9.0,37.0,6.0,8.0,7.0,8.0,4.0,3.0,9.0,32.0,12.0,3.0,15.0,1.0,5.0,9.0,23.0,0.0,3.0,5.0,0.0,8.0,2.0,155.0,4.0,7.0,47.0,0.0,0.0,0.0,7.0,1.0,6.0,35.0,0.0,0.0,6.0,9.0,17.0,0.0,24.0,1.0,98.0,11.0,0.0,7.0,2.0,10.0,8.0,14.0,6.0,28.0,12.0,6.0,11.0,34.0,5.0,5.0,9.0,13.0,21.0,4.0,26.0,100.0,3.0,0.0,17.0,5.0,1.0,2.0,1.0,21.0,57.0,102.0,3.0,53.0,1.0,20.0,17.0,10.0,2.0,6.0,3.0,2.0,3.0,1.0,4.0,1.0,0.0,1.0,1.0,0.0,5.0,16.0,0.0,2.0,0.0,4.0,0.0,132.0,9.0,0.0,0.0,0.0,35.0,0.0,4.0,2.0,9.0,18.0,5.0,6.0,7.0,7.0,10.0,9.0,155.0,1.0,5.0,7.0,4.0,2.0,0.0,3.0,2.0,7.0,9.0,1.0,10.0,14.0,70.0,49.0,2.0,9.0,38.0,10.0,14.0,1.0,3.0,7.0,39.0,16.0,29.0,11.0,1.0,4.0,4.0,4.0
"ministerie van Binnenlandse Zaken en Koninkrijksrelaties,ministerie van Volksgezondheid, Welzijn en Sport",0.0,0.0,0.0,0.0,0.0,0.0,0.0,0.0,0.0,0.0,0.0,0.0,0.0,0.0,0.0,0.0,0.0,0.0,1.0,0.0,0.0,0.0,0.0,0.0,0.0,0.0,0.0,0.0,0.0,1.0,0.0,0.0,0.0,0.0,0.0,0.0,0.0,0.0,0.0,0.0,0.0,0.0,0.0,0.0,0.0,0.0,0.0,0.0,0.0,0.0,2.0,0.0,0.0,0.0,0.0,0.0,0.0,0.0,0.0,0.0,0.0,0.0,0.0,0.0,0.0,0.0,1.0,0.0,1.0,0.0,0.0,2.0,0.0,0.0,0.0,0.0,2.0,0.0,3.0,1.0,0.0,0.0,0.0,0.0,0.0,0.0,0.0,0.0,0.0,0.0,0.0,0.0,0.0,0.0,0.0,0.0,0.0,1.0,0.0,0.0,0.0,0.0,0.0,0.0,0.0,0.0,0.0,0.0,0.0,3.0,0.0,0.0,0.0,1.0,0.0,0.0,0.0,0.0,0.0,0.0,0.0,0.0,0.0,0.0,0.0,0.0,0.0,1.0,0.0,2.0,0.0,0.0,0.0,0.0,0.0,0.0,0.0,0.0,0.0,0.0,0.0,0.0,0.0,0.0,2.0,0.0,0.0,3.0,0.0,0.0,0.0,0.0,0.0,1.0,0.0,0.0,0.0,0.0,0.0,1.0,0.0,0.0,0.0,0.0,0.0,0.0,0.0,0.0,0.0,0.0,0.0,0.0,0.0,0.0,0.0,0.0,0.0,0.0,0.0,1.0,0.0,0.0,0.0,0.0,0.0,0.0,0.0,0.0,0.0,0.0,0.0,0.0,0.0,0.0,0.0,0.0,0.0,0.0,0.0,0.0,0.0,0.0,0.0,0.0,0.0,0.0,0.0,0.0,0.0,0.0,1.0,0.0,1.0,0.0,0.0,0.0,0.0,0.0,2.0,0.0,0.0,0.0,0.0,0.0,0.0,0.0,0.0,0.0,0.0,0.0,0.0,1.0,0.0,0.0,1.0,1.0,0.0,0.0,0.0,0.0,0.0,0.0,0.0,0.0,0.0,1.0,0.0,0.0,0.0,0.0
ministerie van Buitenlandse Zaken,1.1063829787234043,2.9574468085106385,0.3191489361702128,3.297872340425532,3.382978723404255,1.851063829787234,1.574468085106383,1.7446808510638299,1.9574468085106382,1.6170212765957446,1.851063829787234,2.297872340425532,2.978723404255319,2.6382978723404253,4.468085106382978,1.7659574468085106,5.0212765957446805,7.957446808510638,25.127659574468087,10.382978723404255,5.276595744680851,0.6595744680851063,0.14893617021276595,1.6595744680851063,1.7234042553191489,1.9361702127659575,1.2340425531914894,1.8085106382978724,1.6170212765957446,2.1914893617021276,2.3404255319148937,1.851063829787234,1.553191489361702,2.6382978723404253,0.5106382978723404,0.40425531914893614,0.2553191489361702,0.40425531914893614,0.2765957446808511,0.2553191489361702,0.2127659574468085,0.19148936170212766,0.14893617021276595,0.1276595744680851,0.3191489361702128,0.10638297872340426,0.3404255319148936,0.2127659574468085,0.0851063829787234,0.425531914893617,17.25531914893617,0.723404255319149,2.1702127659574466,0.8085106382978723,0.6595744680851063,5.382978723404255,2.1702127659574466,0.9148936170212766,7.382978723404255,6.659574468085107,4.617021276595745,2.574468085106383,2.127659574468085,2.021276595744681,2.021276595744681,1.5319148936170213,1.702127659574468,10.914893617021276,1.0212765957446808,1.9787234042553192,1.8297872340425532,1.1702127659574468,0.9574468085106383,1.2765957446808511,3.148936170212766,0.2765957446808511,0.8936170212765957,1.425531914893617,1.9148936170212767,10.893617021276595,13.340425531914894,8.553191489361701,0.8297872340425532,14.042553191489361,0.44680851063829785,1.0212765957446808,0.8723404255319149,9.27659574468085,12.574468085106384,0.5531914893617021,3.6808510638297873,0.3617021276595745,0.1276595744680851,1.4893617021276595,3.106382978723404,1.2553191489361701,1.2553191489361701,1.8936170212765957,0.46808510638297873,4.680851063829787,0.7872340425531915,1.0425531914893618,1.0638297872340425,0.06382978723404255,0.9361702127659575,0.7021276595744681,0.9148936170212766,0.425531914893617,1.3191489361702127,1.7446808510638299,4.23404255319149,7.319148936170213,0.8085106382978723,1.702127659574468,1.4042553191489362,15.595744680851064,1.446808510638298,3.8085106382978724,0.8723404255319149,1.0851063829787233,0.7659574468085106,1.8085106382978724,0.6170212765957447,1.702127659574468,1.0,6.0212765957446805,1.4893617021276595,2.595744680851064,3.617021276595745,0.48936170212765956,0.0,0.0,1.446808510638298,0.5957446808510638,0.425531914893617,3.893617021276596,3.25531914893617,1.4893617021276595,2.9361702127659575,1.8297872340425532,2.0,0.0,4.148936170212766,0.7446808510638298,18.617021276595743,0.5319148936170213,0.6382978723404256,2.723404255319149,2.3404255319148937,1.6170212765957446,1.8297872340425532,2.0425531914893615,1.7872340425531914,7.0638297872340425,7.127659574468085,3.148936170212766,0.8723404255319149,12.46808510638298,2.9574468085106385,4.680851063829787,1.0638297872340425,3.0425531914893615,4.957446808510638,0.9361702127659575,19.893617021276597,12.914893617021276,0.9361702127659575,3.8297872340425534,6.361702127659575,0.8723404255319149,0.1702127659574468,0.8085106382978723,2.0851063829787235,2.276595744680851,9.46808510638298,31.170212765957448,0.7872340425531915,12.340425531914894,0.40425531914893614,3.3191489361702127,0.8297872340425532,1.5106382978723405,1.5106382978723405,1.8085106382978724,0.46808510638297873,0.7872340425531915,6.553191489361702,0.8297872340425532,0.2765957446808511,1.2127659574468086,0.02127659574468085,0.6595744680851063,2.0425531914893615,0.0,0.48936170212765956,2.297872340425532,0.10638297872340426,0.6595744680851063,1.127659574468085,1.4893617021276595,0.0,21.76595744680851,4.51063829787234,9.02127659574468,4.170212765957447,0.7021276595744681,12.340425531914894,0.3617021276595745,4.574468085106383,1.3829787234042554,1.2553191489361701,8.0,1.1063829787234043,0.8297872340425532,2.5531914893617023,1.0851063829787233,1.6382978723404256,2.382978723404255,36.212765957446805,2.25531914893617,2.6595744680851063,2.2127659574468086,1.0212765957446808,1.127659574468085,3.74468085106383,1.6170212765957446,1.0425531914893618,2.2127659574468086,2.1702127659574466,4.872340425531915,0.40425531914893614,0.851063829787234,11.340425531914894,7.0638297872340425,14.085106382978724,4.638297872340425,4.425531914893617,0.574468085106383,5.9361702127659575,3.0425531914893615,0.3617021276595745,2.9148936170212765,14.02127659574468,3.106382978723404,4.085106382978723,0.425531914893617,3.0,0.8297872340425532,1.3404255319148937,0.7446808510638298
"ministerie van Buitenlandse Zaken,ministerie van Defensie",0.0,0.0,0.0,0.0,0.0,1.0,0.0,0.0,0.0,0.0,0.0,0.0,0.0,0.0,0.0,0.0,0.0,0.0,0.0,0.0,4.0,0.0,0.0,0.0,0.0,0.0,0.0,0.0,0.0,0.0,1.0,0.0,0.0,0.0,1.0,0.0,0.0,0.0,0.0,0.0,0.0,0.0,0.0,0.0,0.0,0.0,0.0,0.0,4.0,0.0,5.0,0.0,0.0,1.0,0.0,2.0,0.0,0.0,2.0,2.0,1.0,10.0,0.0,0.0,0.0,0.0,4.0,3.0,1.0,0.0,0.0,0.0,1.0,1.0,3.0,0.0,1.0,0.0,2.0,11.0,9.0,4.0,1.0,7.0,0.0,0.0,0.0,4.0,0.0,0.0,0.0,0.0,0.0,0.0,2.0,1.0,1.0,5.0,0.0,6.0,0.0,0.0,0.0,0.0,0.0,0.0,0.0,0.0,1.0,2.0,1.0,4.0,1.0,1.0,0.0,2.0,0.0,1.0,0.0,0.0,2.0,0.0,3.0,0.0,0.0,3.0,1.0,3.0,4.0,1.0,0.0,0.0,0.0,0.0,0.0,2.0,0.0,3.0,0.0,1.0,0.0,0.0,0.0,0.0,13.0,0.0,0.0,4.0,0.0,0.0,0.0,0.0,0.0,2.0,7.0,5.0,0.0,8.0,0.0,1.0,0.0,0.0,1.0,0.0,5.0,4.0,0.0,0.0,2.0,0.0,0.0,1.0,0.0,4.0,6.0,17.0,0.0,9.0,0.0,0.0,0.0,0.0,0.0,0.0,0.0,1.0,0.0,0.0,0.0,0.0,0.0,0.0,6.0,0.0,0.0,0.0,0.0,0.0,0.0,0.0,0.0,10.0,1.0,3.0,0.0,0.0,1.0,1.0,0.0,0.0,1.0,2.0,2.0,0.0,0.0,0.0,0.0,0.0,7.0,10.0,5.0,0.0,0.0,0.0,0.0,1.0,0.0,3.0,3.0,0.0,0.0,0.0,4.0,1.0,2.0,2.0,0.0,0.0,2.0,2.0,2.0,0.0,5.0,2.0,3.0,0.0,1.0,0.0,0.0,0.0
"ministerie van Buitenlandse Zaken,ministerie van Financiën",0.0,5.0,4.0,4.0,0.0,1.0,5.0,3.0,16.0,2.0,0.0,35.0,2.0,0.0,0.0,1.0,0.0,0.0,7.0,3.0,40.0,19.0,0.0,0.0,1.0,2.0,1.0,3.0,1.0,3.0,0.0,0.0,1.0,3.0,1.0,0.0,2.0,1.0,0.0,0.0,0.0,0.0,0.0,0.0,0.0,0.0,0.0,0.0,0.0,0.0,59.0,3.0,5.0,0.0,6.0,1.0,7.0,5.0,49.0,6.0,9.0,0.0,7.0,14.0,12.0,9.0,7.0,24.0,3.0,3.0,8.0,6.0,7.0,18.0,5.0,0.0,1.0,4.0,2.0,52.0,39.0,32.0,2.0,44.0,2.0,8.0,24.0,14.0,68.0,65.0,116.0,1.0,0.0,4.0,2.0,2.0,3.0,0.0,3.0,7.0,0.0,1.0,1.0,0.0,0.0,5.0,1.0,4.0,7.0,2.0,10.0,22.0,1.0,5.0,1.0,1.0,12.0,6.0,1.0,0.0,2.0,4.0,0.0,4.0,1.0,84.0,10.0,7.0,14.0,0.0,0.0,0.0,8.0,3.0,0.0,25.0,2.0,2.0,4.0,7.0,6.0,0.0,15.0,0.0,64.0,2.0,5.0,2.0,0.0,10.0,10.0,3.0,4.0,18.0,11.0,12.0,3.0,22.0,23.0,2.0,8.0,10.0,1.0,2.0,8.0,84.0,3.0,0.0,19.0,11.0,0.0,5.0,1.0,17.0,32.0,116.0,6.0,33.0,0.0,0.0,0.0,7.0,13.0,0.0,0.0,14.0,17.0,0.0,0.0,4.0,0.0,0.0,0.0,0.0,2.0,3.0,0.0,2.0,3.0,4.0,1.0,115.0,28.0,2.0,1.0,7.0,32.0,3.0,19.0,3.0,5.0,22.0,7.0,5.0,0.0,12.0,5.0,11.0,146.0,1.0,4.0,1.0,5.0,4.0,1.0,6.0,0.0,9.0,2.0,1.0,1.0,0.0,61.0,30.0,2.0,6.0,27.0,1.0,9.0,1.0,0.0,5.0,25.0,11.0,11.0,1.0,7.0,9.0,5.0,0.0
"ministerie van Buitenlandse Zaken,ministerie van Onderwijs, Cultuur en Wetenschap",0.0,0.0,0.0,0.0,0.0,0.0,0.0,0.0,0.0,0.0,0.0,0.5,0.0,0.0,0.0,0.0,0.0,0.5,0.0,1.5,0.0,1.0,0.0,0.0,0.0,0.0,0.0,0.5,0.0,0.0,0.0,0.0,0.5,0.0,0.0,0.0,0.0,0.0,0.0,0.0,0.0,0.0,0.0,0.0,0.0,0.0,0.0,0.0,0.0,0.0,4.5,0.0,0.0,0.0,0.0,0.5,0.5,0.0,0.5,0.0,1.0,4.0,0.5,0.5,0.0,0.0,1.5,1.0,1.0,0.0,0.5,0.5,0.0,0.0,0.5,0.0,1.0,0.0,5.5,3.0,2.0,4.0,0.0,0.5,0.0,0.0,0.0,2.5,0.0,0.0,0.0,0.0,0.0,0.0,0.0,0.5,0.5,0.5,0.0,1.5,0.0,0.5,0.0,0.0,0.5,0.0,0.0,1.5,0.0,5.5,0.0,2.5,0.0,0.5,0.0,0.0,0.0,0.0,0.0,0.5,1.5,0.0,2.0,0.5,0.0,0.5,0.5,1.0,0.0,0.5,0.0,0.0,0.0,0.0,0.0,0.0,1.5,0.0,0.5,0.0,0.0,0.0,0.0,0.0,5.5,0.0,0.0,3.5,4.5,0.0,0.0,0.0,0.5,0.0,1.0,0.5,0.5,1.5,0.0,1.0,0.5,0.5,0.0,0.0,0.5,2.5,0.0,0.0,0.0,0.0,1.5,0.0,0.0,3.0,0.0,12.0,0.0,3.0,0.0,0.0,0.0,0.0,1.0,0.0,0.0,0.0,0.0,0.0,0.0,0.0,0.0,0.0,0.0,0.0,0.0,0.0,0.0,0.0,0.5,0.5,0.0,3.5,0.0,0.0,0.0,0.0,0.5,0.0,1.0,0.0,1.0,0.5,0.5,0.5,0.0,0.0,0.5,0.0,3.5,4.0,2.0,0.0,0.5,0.0,0.0,1.0,0.5,1.0,2.0,0.0,0.0,0.0,2.0,0.0,1.0,7.5,0.0,0.0,1.0,0.5,0.0,0.5,2.0,2.0,1.0,0.0,0.0,0.5,0.0,0.5
ministerie van Defensie,0.3076923076923077,1.6153846153846154,0.5384615384615384,1.8461538461538463,0.46153846153846156,1.1538461538461537,0.6153846153846154,0.46153846153846156,3.6153846153846154,0.6153846153846154,0.6153846153846154,1.7692307692307692,1.0,1.3846153846153846,2.8461538461538463,1.0,0.6923076923076923,0.6923076923076923,1.5384615384615385,2.0,6.6923076923076925,2.6153846153846154,0.15384615384615385,0.6923076923076923,1.0769230769230769,1.0769230769230769,1.7692307692307692,1.7692307692307692,1.1538461538461537,1.0,1.1538461538461537,1.3076923076923077,2.1538461538461537,1.3846153846153846,1.6923076923076923,1.2307692307692308,1.0,0.7692307692307693,0.07692307692307693,0.23076923076923078,0.07692307692307693,0.15384615384615385,0.07692307692307693,0.6153846153846154,0.23076923076923078,0.07692307692307693,0.07692307692307693,0.38461538461538464,0.6923076923076923,0.7692307692307693,35.15384615384615,0.9230769230769231,2.6923076923076925,0.46153846153846156,1.5384615384615385,3.3846153846153846,5.3076923076923075,3.5384615384615383,23.384615384615383,2.4615384615384617,8.846153846153847,7.769230769230769,2.3846153846153846,4.769230769230769,2.6923076923076925,7.0,4.769230769230769,27.307692307692307,2.230769230769231,2.6923076923076925,9.461538461538462,9.23076923076923,5.3076923076923075,2.923076923076923,8.153846153846153,0.6923076923076923,3.3846153846153846,3.8461538461538463,3.8461538461538463,24.53846153846154,26.0,23.692307692307693,2.5384615384615383,16.846153846153847,1.2307692307692308,3.0,2.769230769230769,12.461538461538462,2.6923076923076925,0.9230769230769231,5.230769230769231,1.4615384615384615,0.0,2.230769230769231,1.6153846153846154,2.6923076923076925,6.153846153846154,6.538461538461538,1.1538461538461537,7.615384615384615,0.23076923076923078,1.0769230769230769,3.8461538461538463,0.07692307692307693,1.7692307692307692,3.076923076923077,2.3076923076923075,2.230769230769231,4.384615384615385,3.076923076923077,7.076923076923077,15.384615384615385,1.5384615384615385,2.3846153846153846,11.153846153846153,0.23076923076923078,4.0,2.769230769230769,0.5384615384615384,5.153846153846154,1.4615384615384615,5.538461538461538,2.8461538461538463,4.3076923076923075,3.8461538461538463,2.4615384615384617,4.846153846153846,6.076923076923077,14.076923076923077,0.6153846153846154,0.0,0.0,2.4615384615384617,2.4615384615384617,6.076923076923077,14.076923076923077,0.9230769230769231,0.3076923076923077,5.769230769230769,2.1538461538461537,5.384615384615385,0.0,10.23076923076923,0.23076923076923078,42.84615384615385,0.8461538461538461,1.6153846153846154,2.3846153846153846,3.5384615384615383,6.846153846153846,2.6923076923076925,7.153846153846154,3.3846153846153846,9.0,12.307692307692308,15.538461538461538,1.8461538461538463,25.615384615384617,9.76923076923077,4.615384615384615,4.3076923076923075,7.3076923076923075,4.230769230769231,3.6923076923076925,17.307692307692307,28.615384615384617,3.1538461538461537,0.3076923076923077,9.461538461538462,2.6153846153846154,0.46153846153846156,4.6923076923076925,4.230769230769231,4.3076923076923075,22.23076923076923,67.15384615384616,1.2307692307692308,19.23076923076923,0.7692307692307693,9.384615384615385,0.6923076923076923,1.6153846153846154,0.9230769230769231,0.3076923076923077,0.6153846153846154,3.769230769230769,1.0,1.2307692307692308,0.38461538461538464,0.15384615384615385,0.0,0.8461538461538461,7.615384615384615,0.0,3.3076923076923075,9.384615384615385,0.0,0.15384615384615385,2.1538461538461537,3.923076923076923,0.07692307692307693,56.15384615384615,7.769230769230769,1.0,0.5384615384615384,1.4615384615384615,16.76923076923077,0.6153846153846154,5.076923076923077,2.0,2.6923076923076925,11.384615384615385,3.4615384615384617,1.9230769230769231,4.0,4.076923076923077,4.615384615384615,1.3846153846153846,61.61538461538461,7.3076923076923075,2.6923076923076925,4.0,4.0,2.5384615384615383,2.4615384615384617,8.0,0.5384615384615384,2.3076923076923075,9.923076923076923,1.7692307692307692,1.4615384615384615,0.46153846153846156,32.76923076923077,23.384615384615383,1.1538461538461537,3.3076923076923075,13.23076923076923,0.9230769230769231,8.461538461538462,9.461538461538462,0.38461538461538464,6.153846153846154,36.84615384615385,10.615384615384615,9.0,0.6923076923076923,1.9230769230769231,4.615384615384615,5.076923076923077,2.3076923076923075
ministerie van Economische Zaken,4.2,12.9,13.4,4.3,3.1,3.9,4.3,4.9,3.3,3.2,2.8,3.1,9.0,30.0,20.6,13.7,1.8,0.3,0.2,0.3,23.2,0.6,1.4,2.9,3.3,2.0,3.1,5.6,2.7,2.1,2.1,1.9,5.0,2.0,2.4,4.7,3.3,5.4,0.9,2.3,0.5,1.2,1.3,0.5,0.9,0.9,1.0,0.8,0.5,3.3,39.2,0.7,6.0,0.4,2.4,4.3,9.3,3.4,32.0,57.5,10.6,1.4,1.9,9.0,12.7,5.0,3.2,33.0,2.6,5.4,6.1,1.5,3.7,5.5,15.7,1.6,0.9,8.9,2.8,38.9,33.8,28.2,2.4,30.7,3.3,4.5,2.5,20.7,2.2,1.0,4.9,4.4,1.9,1.7,35.4,5.0,3.0,4.1,3.1,14.1,0.9,2.5,2.4,0.5,5.6,4.6,2.3,0.7,3.8,2.6,11.6,19.6,4.1,2.0,3.6,0.4,9.4,4.9,0.9,2.9,5.3,1.8,1.5,19.1,1.6,2.9,2.8,1.3,25.7,2.2,0.2,0.0,3.9,3.2,35.9,23.9,0.0,1.9,6.1,15.2,5.9,0.0,10.0,0.2,38.2,0.4,2.9,1.7,2.4,6.5,8.4,14.2,6.3,15.3,11.2,16.4,3.8,32.9,12.9,10.3,4.6,6.5,0.3,2.3,88.2,35.6,6.8,19.3,3.3,1.5,0.0,5.6,1.0,2.3,22.1,73.9,2.1,10.1,3.8,4.7,4.7,25.9,3.1,0.3,0.4,0.7,0.4,1.4,2.0,1.2,1.5,1.8,1.5,0.0,1.4,1.1,0.2,1.6,3.2,3.0,5.9,64.0,6.9,121.3,42.2,3.3,27.0,1.8,4.7,5.6,2.4,11.3,1.3,3.7,2.9,2.5,4.2,5.0,95.2,3.2,0.9,4.2,2.7,3.4,5.0,5.9,24.5,6.8,6.1,1.2,1.1,1.6,45.5,28.0,4.0,3.2,9.5,1.6,6.0,4.3,2.0,4.0,57.2,6.3,6.7,0.1,6.6,6.2,5.3,2.5
ministerie van Economische Zaken en Klimaat,13.32,110.92,6.6,13.44,7.92,7.4,6.68,7.64,6.56,5.04,5.0,4.52,9.96,2.44,1.28,6.64,7.0,11.32,17.36,51.88,32.76,2.56,0.92,4.04,4.2,2.96,3.64,5.68,3.36,4.96,4.76,3.0,8.76,3.48,2.52,3.12,6.56,7.88,1.52,3.96,2.24,0.84,0.8,1.36,1.28,0.84,0.96,0.92,0.68,2.68,56.04,3.16,10.96,3.88,3.4,13.16,6.68,6.08,33.84,10.24,14.48,1.28,0.68,8.2,22.04,4.28,3.48,39.16,3.04,8.52,7.52,1.4,3.6,6.0,19.52,17.12,2.96,5.76,4.04,37.16,41.24,30.32,4.36,31.52,6.6,8.76,3.76,32.12,5.16,3.28,4.92,3.36,16.4,3.24,4.2,4.36,8.64,8.28,4.24,11.96,7.08,3.08,4.84,8.28,3.2,7.2,5.0,1.92,4.96,3.24,14.64,15.76,4.28,4.56,7.88,28.52,3.12,9.32,1.2,11.52,3.12,10.36,1.12,14.44,4.52,4.88,3.32,3.8,24.56,1.44,0.76,0.0,5.12,5.96,10.32,22.32,0.76,2.32,15.36,8.4,8.76,0.32,14.12,3.64,63.52,4.76,5.76,5.24,5.36,9.24,5.16,8.52,6.48,26.76,15.48,7.88,6.52,42.32,7.44,57.4,6.08,15.76,1.44,4.8,43.6,52.12,6.44,3.64,12.4,3.76,2.4,14.12,7.6,6.32,33.2,92.52,2.8,33.6,4.2,2.68,7.52,15.92,6.28,0.76,0.44,2.84,1.28,3.16,2.64,2.08,0.44,14.8,5.52,0.48,3.52,1.8,0.24,7.4,1.68,5.36,7.28,83.24,9.48,12.8,10.56,2.52,30.56,7.92,9.84,4.2,3.64,22.12,1.84,4.32,7.16,4.48,9.12,12.0,105.76,4.04,4.36,4.96,3.52,4.36,3.52,12.16,16.52,9.12,7.84,1.6,3.6,5.2,38.2,30.64,26.32,4.4,10.0,7.32,7.56,7.64,6.68,5.72,59.68,8.16,12.64,0.92,4.64,4.44,3.88,3.12
"ministerie van Economische Zaken en Klimaat,ministerie van Financiën,ministerie van Sociale Zaken en Werkgelegenheid",0.0,0.0,0.0,0.0,0.0,0.0,0.0,0.0,0.0,0.0,0.0,0.0,0.0,0.0,0.0,0.0,0.0,0.0,0.0,4.0,2.0,0.0,0.0,0.0,0.0,0.0,0.0,0.0,0.0,0.0,0.0,0.0,0.0,0.0,0.0,0.0,0.0,0.0,0.0,0.0,0.0,0.0,0.0,0.0,0.0,0.0,0.0,0.0,0.0,0.0,5.0,0.0,0.0,0.0,1.0,1.0,4.0,0.0,24.0,0.0,4.0,1.0,0.0,0.0,2.0,1.0,1.0,1.0,2.0,4.0,1.0,2.0,0.0,1.0,2.0,0.0,0.0,1.0,1.0,11.0,16.0,8.0,0.0,2.0,0.0,0.0,0.0,4.0,0.0,0.0,0.0,0.0,0.0,2.0,0.0,0.0,0.0,3.0,0.0,3.0,0.0,2.0,0.0,1.0,1.0,0.0,0.0,0.0,1.0,0.0,3.0,1.0,1.0,0.0,2.0,0.0,0.0,3.0,0.0,0.0,0.0,1.0,0.0,0.0,0.0,0.0,1.0,0.0,2.0,0.0,0.0,0.0,1.0,0.0,1.0,4.0,1.0,1.0,1.0,0.0,4.0,0.0,0.0,0.0,8.0,0.0,0.0,0.0,1.0,7.0,6.0,2.0,0.0,3.0,0.0,0.0,0.0,9.0,0.0,1.0,0.0,3.0,0.0,0.0,18.0,12.0,4.0,0.0,0.0,0.0,1.0,0.0,0.0,0.0,10.0,10.0,2.0,6.0,1.0,0.0,0.0,0.0,0.0,0.0,0.0,0.0,0.0,0.0,3.0,0.0,0.0,0.0,0.0,0.0,0.0,0.0,0.0,0.0,0.0,2.0,0.0,17.0,0.0,0.0,0.0,1.0,7.0,0.0,0.0,0.0,0.0,5.0,0.0,4.0,0.0,1.0,1.0,0.0,30.0,0.0,2.0,0.0,0.0,1.0,0.0,3.0,0.0,2.0,0.0,0.0,0.0,0.0,18.0,14.0,0.0,0.0,4.0,1.0,0.0,0.0,5.0,3.0,9.0,2.0,0.0,1.0,0.0,0.0,0.0,0.0
ministerie van Financiën,3.9302325581395348,3.4651162790697674,5.1395348837209305,4.023255813953488,2.2093023255813953,1.7906976744186047,1.4883720930232558,1.813953488372093,1.9767441860465116,1.7209302325581395,2.0930232558139537,2.1627906976744184,4.372093023255814,1.1395348837209303,1.2790697674418605,0.7209302325581395,0.7906976744186046,1.069767441860465,2.8372093023255816,6.6976744186046515,5.0,2.0,0.20930232558139536,1.558139534883721,1.0465116279069768,1.302325581395349,1.0232558139534884,1.8837209302325582,1.302325581395349,0.6511627906976745,1.558139534883721,0.8837209302325582,3.6744186046511627,2.046511627906977,0.3023255813953488,0.813953488372093,0.627906976744186,1.7674418604651163,0.18604651162790697,0.3488372093023256,0.27906976744186046,0.13953488372093023,0.18604651162790697,0.3953488372093023,0.20930232558139536,0.11627906976744186,0.3953488372093023,0.11627906976744186,0.16279069767441862,0.20930232558139536,20.13953488372093,1.1162790697674418,3.5348837209302326,0.7209302325581395,1.5116279069767442,3.1627906976744184,4.790697674418604,2.6511627906976742,14.418604651162791,3.883720930232558,8.418604651162791,2.627906976744186,11.930232558139535,3.3255813953488373,1.1162790697674418,2.9767441860465116,2.2093023255813953,17.372093023255815,1.3953488372093024,3.0,3.7674418604651163,1.9767441860465116,1.302325581395349,2.511627906976744,8.790697674418604,0.23255813953488372,1.255813953488372,3.302325581395349,2.046511627906977,21.674418604651162,21.976744186046513,19.697674418604652,1.9767441860465116,13.325581395348838,3.2325581395348837,5.093023255813954,3.302325581395349,11.604651162790697,2.604651162790698,2.0,2.13953488372093,1.4186046511627908,1.0465116279069768,4.1395348837209305,2.627906976744186,2.7209302325581395,3.395348837209302,3.441860465116279,1.372093023255814,8.465116279069768,3.395348837209302,2.441860465116279,2.255813953488372,0.813953488372093,2.7209302325581395,1.4651162790697674,1.372093023255814,2.441860465116279,1.6744186046511629,1.9534883720930232,7.5813953488372094,9.488372093023257,1.813953488372093,1.186046511627907,1.6744186046511629,3.4186046511627906,5.5813953488372094,4.883720930232558,2.0232558139534884,3.627906976744186,2.6511627906976742,9.953488372093023,2.046511627906977,2.9302325581395348,0.9767441860465116,1.2325581395348837,1.9069767441860466,3.0697674418604652,8.627906976744185,1.9069767441860466,0.046511627906976744,0.0,2.046511627906977,2.046511627906977,3.3255813953488373,7.1395348837209305,1.372093023255814,6.209302325581396,4.72093023255814,2.0232558139534884,3.302325581395349,0.0,8.046511627906977,1.1162790697674418,28.27906976744186,1.9069767441860466,2.13953488372093,1.8837209302325582,0.5116279069767442,3.9069767441860463,4.023255813953488,4.72093023255814,2.5348837209302326,11.69767441860465,4.511627906976744,2.511627906976744,1.302325581395349,22.046511627906977,3.7209302325581395,4.069767441860465,2.395348837209302,6.534883720930233,2.0,1.8604651162790697,21.27906976744186,20.13953488372093,4.767441860465116,1.2325581395348837,5.023255813953488,3.3488372093023258,0.32558139534883723,2.7906976744186047,0.8837209302325582,0.5581395348837209,12.418604651162791,43.116279069767444,3.255813953488372,10.325581395348838,0.9767441860465116,4.162790697674419,0.8837209302325582,5.348837209302325,0.7441860465116279,0.6976744186046512,0.7441860465116279,0.3023255813953488,1.627906976744186,1.1395348837209303,1.9534883720930232,0.0,0.0,0.2558139534883721,3.255813953488372,0.0,0.6744186046511628,0.20930232558139536,0.0,1.0465116279069768,1.8372093023255813,4.813953488372093,1.813953488372093,33.69767441860465,4.232558139534884,8.116279069767442,3.813953488372093,1.2325581395348837,15.55813953488372,0.9302325581395349,3.046511627906977,1.627906976744186,3.627906976744186,7.8604651162790695,1.697674418604651,1.5116279069767442,2.2790697674418605,2.4651162790697674,2.4186046511627906,2.6744186046511627,48.325581395348834,5.069767441860465,2.9069767441860463,1.697674418604651,1.6511627906976745,1.8837209302325582,1.441860465116279,3.511627906976744,1.9534883720930232,4.0,2.2093023255813953,0.4418604651162791,1.4883720930232558,6.046511627906977,21.27906976744186,20.930232558139537,3.744186046511628,2.0232558139534884,6.27906976744186,1.0,2.8372093023255816,2.0930232558139537,1.0232558139534884,3.7209302325581395,25.976744186046513,4.069767441860465,4.232558139534884,1.5813953488372092,2.7906976744186047,1.558139534883721,2.6744186046511627,0.9302325581395349
"ministerie van Financiën,ministerie van Onderwijs, Cultuur en Wetenschap",0.0,8.0,0.0,2.0,7.0,8.0,9.0,2.0,1.0,8.0,1.0,1.0,0.0,0.0,0.0,0.0,0.0,4.0,1.0,34.0,72.0,0.0,0.0,0.0,0.0,0.0,0.0,0.0,0.0,0.0,0.0,0.0,1.0,8.0,0.0,0.0,0.0,0.0,0.0,0.0,0.0,0.0,0.0,0.0,0.0,0.0,0.0,0.0,0.0,0.0,6.0,0.0,2.0,0.0,0.0,0.0,0.0,0.0,15.0,0.0,0.0,0.0,0.0,8.0,0.0,0.0,1.0,6.0,1.0,0.0,3.0,0.0,2.0,0.0,1.0,0.0,0.0,0.0,0.0,1.0,7.0,18.0,0.0,10.0,0.0,0.0,0.0,1.0,0.0,0.0,3.0,0.0,0.0,3.0,2.0,0.0,1.0,9.0,4.0,0.0,0.0,0.0,6.0,0.0,0.0,4.0,0.0,0.0,0.0,0.0,10.0,7.0,0.0,1.0,0.0,71.0,0.0,5.0,0.0,0.0,0.0,1.0,0.0,0.0,0.0,0.0,1.0,1.0,1.0,0.0,0.0,0.0,1.0,0.0,9.0,2.0,0.0,0.0,0.0,1.0,2.0,0.0,5.0,0.0,7.0,0.0,0.0,1.0,16.0,0.0,0.0,0.0,1.0,10.0,0.0,0.0,0.0,15.0,1.0,76.0,1.0,2.0,0.0,0.0,12.0,8.0,0.0,0.0,1.0,3.0,17.0,28.0,0.0,0.0,0.0,15.0,1.0,10.0,0.0,0.0,0.0,0.0,2.0,0.0,0.0,2.0,0.0,31.0,0.0,0.0,0.0,1.0,1.0,0.0,0.0,0.0,0.0,0.0,0.0,0.0,0.0,13.0,5.0,2.0,0.0,0.0,3.0,0.0,0.0,0.0,1.0,5.0,0.0,0.0,0.0,1.0,0.0,0.0,6.0,0.0,0.0,1.0,3.0,0.0,2.0,0.0,0.0,0.0,0.0,0.0,0.0,2.0,4.0,1.0,71.0,0.0,0.0,0.0,0.0,0.0,0.0,0.0,2.0,1.0,1.0,0.0,0.0,1.0,2.0,5.0
ministerie van Infrastructuur en Waterstaat,3.6515151515151514,35.196969696969695,3.4545454545454546,15.984848484848484,10.287878787878787,7.409090909090909,5.348484848484849,9.545454545454545,8.393939393939394,4.363636363636363,12.106060606060606,6.0,7.136363636363637,6.393939393939394,1.9696969696969697,3.393939393939394,2.4696969696969697,3.4242424242424243,11.333333333333334,20.166666666666668,13.651515151515152,10.075757575757576,152.07575757575756,5.606060606060606,3.5303030303030303,3.8333333333333335,7.378787878787879,7.984848484848484,8.030303030303031,6.9393939393939394,6.909090909090909,9.333333333333334,10.015151515151516,9.151515151515152,14.136363636363637,4.075757575757576,6.984848484848484,9.787878787878787,20.53030303030303,28.87878787878788,25.12121212121212,34.31818181818182,33.121212121212125,40.56060606060606,58.96969696969697,54.21212121212121,52.39393939393939,31.90909090909091,20.71212121212121,13.242424242424242,40.40909090909091,3.0606060606060606,10.454545454545455,1.9393939393939394,1.9696969696969697,3.9242424242424243,6.454545454545454,3.590909090909091,19.803030303030305,4.348484848484849,8.803030303030303,2.787878787878788,9.212121212121213,5.424242424242424,4.212121212121212,2.9545454545454546,3.1515151515151514,25.12121212121212,10.469696969696969,3.9545454545454546,5.833333333333333,2.227272727272727,3.621212121212121,3.727272727272727,11.015151515151516,1.4242424242424243,2.0454545454545454,5.742424242424242,12.681818181818182,26.893939393939394,28.318181818181817,26.53030303030303,1.878787878787879,24.393939393939394,2.106060606060606,4.484848484848484,1.878787878787879,17.666666666666668,3.893939393939394,3.106060606060606,7.303030303030303,2.9393939393939394,2.5303030303030303,1.1666666666666667,2.878787878787879,2.9393939393939394,4.318181818181818,4.742424242424242,3.242424242424242,7.484848484848484,1.803030303030303,2.590909090909091,3.3484848484848486,3.303030303030303,1.7878787878787878,2.106060606060606,2.9696969696969697,3.015151515151515,3.757575757575758,4.257575757575758,11.5,15.651515151515152,2.5,2.772727272727273,3.8484848484848486,3.742424242424242,2.590909090909091,3.393939393939394,1.8636363636363635,10.257575757575758,2.5757575757575757,3.6666666666666665,0.9848484848484849,9.333333333333334,2.8181818181818183,1.3181818181818181,2.5757575757575757,4.606060606060606,10.363636363636363,3.3333333333333335,27.166666666666668,266.969696969697,3.4242424242424243,2.9242424242424243,3.757575757575758,9.287878787878787,0.48484848484848486,6.863636363636363,6.606060606060606,11.515151515151516,5.46969696969697,0.030303030303030304,12.272727272727273,1.803030303030303,50.43939393939394,2.742424242424242,3.4545454545454546,3.4393939393939394,8.56060606060606,4.7272727272727275,3.984848484848485,6.5606060606060606,148.8939393939394,17.21212121212121,9.863636363636363,4.893939393939394,2.878787878787879,27.303030303030305,9.333333333333334,12.863636363636363,4.045454545454546,6.96969696969697,2.1515151515151514,2.8636363636363638,24.59090909090909,31.696969696969695,2.9545454545454546,4.742424242424242,8.530303030303031,2.378787878787879,0.18181818181818182,7.151515151515151,4.53030303030303,2.287878787878788,22.196969696969695,74.0909090909091,2.8181818181818183,20.924242424242426,2.227272727272727,9.363636363636363,4.46969696969697,7.4393939393939394,3.772727272727273,1.9090909090909092,0.5151515151515151,4.287878787878788,3.1363636363636362,2.621212121212121,1.696969696969697,1.9242424242424243,0.0,2.090909090909091,4.409090909090909,26.96969696969697,3.606060606060606,3.303030303030303,0.015151515151515152,3.5454545454545454,1.7272727272727273,4.03030303030303,2.6666666666666665,52.93939393939394,7.636363636363637,8.151515151515152,3.696969696969697,2.3181818181818183,17.893939393939394,2.5454545454545454,9.621212121212121,2.3181818181818183,4.393939393939394,15.181818181818182,2.772727272727273,2.5,4.515151515151516,4.5,3.393939393939394,4.454545454545454,71.48484848484848,4.090909090909091,2.5303030303030303,4.818181818181818,2.6515151515151514,2.1666666666666665,4.303030303030303,4.303030303030303,12.818181818181818,4.121212121212121,3.8333333333333335,1.621212121212121,2.757575757575758,4.53030303030303,27.333333333333332,25.106060606060606,3.803030303030303,1.878787878787879,7.742424242424242,2.9393939393939394,6.075757575757576,4.893939393939394,2.015151515151515,4.045454545454546,38.27272727272727,7.212121212121212,7.0606060606060606,1.4242424242424243,2.242424242424242,2.621212121212121,2.909090909090909,2.8484848484848486
"ministerie van Infrastructuur en Waterstaat,ministerie van Justitie en Veiligheid",0.0,0.0,0.0,0.0,1.0,0.0,0.0,1.0,0.0,0.0,0.0,0.0,0.0,0.0,0.0,0.0,0.0,0.0,0.0,0.0,2.0,3.0,0.0,0.0,0.0,0.0,0.0,0.0,0.0,0.0,0.0,0.0,0.0,0.0,0.0,0.0,0.0,0.0,0.0,0.0,0.0,0.0,0.0,0.0,0.0,0.0,0.0,0.0,0.0,0.0,4.0,0.0,0.0,0.0,0.0,1.0,2.0,0.0,0.0,0.0,1.0,0.0,0.0,0.0,0.0,0.0,0.0,1.0,1.0,0.0,0.0,3.0,0.0,0.0,0.0,0.0,1.0,0.0,3.0,6.0,4.0,4.0,1.0,2.0,0.0,2.0,0.0,1.0,0.0,0.0,0.0,0.0,0.0,3.0,0.0,0.0,0.0,1.0,0.0,0.0,0.0,0.0,0.0,3.0,0.0,0.0,1.0,0.0,1.0,3.0,1.0,1.0,0.0,0.0,0.0,0.0,0.0,0.0,0.0,0.0,0.0,0.0,0.0,0.0,0.0,0.0,0.0,0.0,0.0,0.0,0.0,0.0,1.0,0.0,0.0,1.0,0.0,0.0,0.0,0.0,1.0,0.0,2.0,0.0,10.0,0.0,0.0,0.0,3.0,0.0,1.0,3.0,0.0,2.0,0.0,1.0,0.0,0.0,0.0,2.0,0.0,0.0,0.0,0.0,0.0,0.0,0.0,0.0,2.0,1.0,0.0,0.0,0.0,0.0,3.0,10.0,0.0,1.0,0.0,0.0,0.0,0.0,0.0,0.0,0.0,0.0,0.0,0.0,0.0,0.0,0.0,0.0,0.0,0.0,1.0,0.0,0.0,0.0,0.0,0.0,0.0,1.0,1.0,0.0,0.0,0.0,2.0,0.0,0.0,0.0,0.0,0.0,0.0,1.0,1.0,1.0,1.0,1.0,12.0,0.0,1.0,4.0,1.0,0.0,0.0,0.0,2.0,0.0,1.0,0.0,0.0,0.0,2.0,7.0,1.0,2.0,1.0,0.0,0.0,0.0,0.0,1.0,1.0,2.0,0.0,0.0,0.0,0.0,1.0,0.0
ministerie van Justitie,0.0,33.375,0.875,24.625,22.125,20.75,17.875,12.625,9.625,11.0,8.875,7.5,8.625,19.125,36.25,0.0,0.0,0.0,0.0,0.0,0.0,0.0,0.0,7.625,5.125,5.625,3.875,3.875,5.375,2.75,3.375,3.75,4.0,3.125,2.5,1.75,2.75,1.0,1.125,0.5,0.875,0.25,0.25,0.25,0.125,1.125,0.125,0.5,0.375,0.375,8.5,0.125,3.75,0.75,0.125,0.375,0.625,0.125,5.0,0.0,1.5,1.5,2.125,0.375,0.125,1.0,0.75,4.75,0.25,0.75,0.625,2.0,0.625,0.875,2.25,0.0,2.875,1.0,3.5,5.875,8.125,5.875,0.875,5.0,0.25,0.5,1.0,3.375,0.0,0.0,0.75,0.5,0.0,0.125,0.0,1.125,0.75,1.0,0.375,1.75,0.25,0.5,0.875,4.875,1.0,2.0,0.25,1.0,0.375,3.375,2.0,3.25,0.375,0.875,0.625,0.0,0.375,1.375,0.625,4.5,0.5,0.875,0.375,0.625,0.375,3.0,0.375,2.5,2.875,3.75,0.0,0.0,1.25,0.75,1.125,3.125,0.0,1.125,0.75,0.75,0.875,0.0,2.0,0.25,7.25,0.25,0.25,1.75,0.0,1.625,1.25,1.0,0.625,3.875,3.25,0.375,0.625,6.5,0.375,1.625,0.25,1.25,1.125,0.25,5.375,6.375,0.625,0.25,2.125,0.5,0.25,0.0,0.0,0.5,2.25,20.875,0.375,5.25,0.375,5.0,0.25,3.0,0.375,0.375,0.0,0.0,1.5,0.125,0.125,0.375,0.0,0.125,0.125,0.0,0.375,0.5,0.0,3.0,0.625,0.75,0.0,13.0,1.75,0.0,0.0,0.625,16.625,2.625,0.375,0.375,1.625,3.125,3.25,0.25,0.5,0.875,0.625,0.25,20.375,3.125,1.0,1.25,0.875,1.125,0.375,1.125,0.0,1.5,0.625,0.375,0.375,0.5,9.25,5.0,1.125,1.125,3.375,0.25,1.75,0.375,0.375,1.25,7.125,1.5,2.125,0.0,0.875,0.375,1.0,1.0
ministerie van Justitie en Veiligheid,9.873417721518987,14.025316455696203,5.2025316455696204,10.417721518987342,12.10126582278481,7.544303797468355,8.316455696202532,8.569620253164556,8.49367088607595,8.139240506329115,17.620253164556964,7.924050632911392,7.860759493670886,1.379746835443038,1.2531645569620253,4.3164556962025316,4.493670886075949,8.962025316455696,18.72151898734177,18.645569620253166,13.886075949367088,0.7215189873417721,0.0379746835443038,6.0,4.506329113924051,4.69620253164557,4.924050632911392,5.620253164556962,4.10126582278481,3.392405063291139,3.7721518987341773,3.6962025316455698,6.189873417721519,4.253164556962025,2.6582278481012658,3.329113924050633,4.037974683544304,4.3544303797468356,1.2151898734177216,2.810126582278481,1.4430379746835442,1.2911392405063291,1.4556962025316456,2.1392405063291138,1.6708860759493671,0.9873417721518988,1.6455696202531647,1.3037974683544304,1.3291139240506329,1.3544303797468353,36.139240506329116,9.582278481012658,13.151898734177216,4.025316455696203,4.405063291139241,7.139240506329114,8.265822784810126,4.974683544303797,28.481012658227847,28.72151898734177,20.556962025316455,2.1772151898734178,10.164556962025317,5.037974683544304,1.6455696202531647,4.784810126582278,3.569620253164557,41.88607594936709,3.2151898734177213,5.886075949367089,7.329113924050633,2.3164556962025316,2.8987341772151898,4.936708860759493,22.632911392405063,24.873417721518987,3.151898734177215,5.2025316455696204,6.151898734177215,28.50632911392405,47.87341772151899,29.873417721518987,4.8734177215189876,27.31645569620253,3.6835443037974684,6.367088607594937,4.6455696202531644,20.265822784810126,3.0,0.6962025316455697,2.607594936708861,1.481012658227848,7.139240506329114,3.759493670886076,13.0,4.189873417721519,5.367088607594937,5.8734177215189876,2.962025316455696,14.139240506329115,2.7088607594936707,4.7974683544303796,4.1645569620253164,1.0632911392405062,4.518987341772152,3.759493670886076,8.379746835443038,2.088607594936709,2.607594936708861,4.227848101265823,18.924050632911392,17.79746835443038,3.8734177215189876,3.5822784810126582,7.430379746835443,5.2025316455696204,1.9873417721518987,9.468354430379748,2.518987341772152,9.39240506329114,3.392405063291139,6.455696202531645,2.7088607594936707,18.911392405063292,3.4683544303797467,1.0759493670886076,3.1772151898734178,2.8227848101265822,18.68354430379747,3.088607594936709,0.02531645569620253,0.02531645569620253,4.1265822784810124,3.3417721518987342,8.544303797468354,14.860759493670885,2.4430379746835444,6.493670886075949,11.481012658227849,3.240506329113924,7.468354430379747,0.11392405063291139,17.78481012658228,3.607594936708861,66.68354430379746,4.493670886075949,7.215189873417722,2.6835443037974684,4.10126582278481,5.493670886075949,5.012658227848101,7.417721518987341,5.772151898734177,23.0,9.405063291139241,4.012658227848101,2.5569620253164556,47.860759493670884,3.962025316455696,5.848101265822785,3.1265822784810124,7.772151898734177,2.0759493670886076,2.1265822784810124,95.64556962025317,41.64556962025316,4.253164556962025,7.658227848101266,12.60759493670886,1.7468354430379747,0.4810126582278481,17.265822784810126,2.0,1.0253164556962024,32.151898734177216,70.87341772151899,2.6455696202531644,25.0,6.215189873417722,3.8607594936708862,1.9240506329113924,5.670886075949367,3.2151898734177213,2.8987341772151898,20.17721518987342,1.1645569620253164,3.1772151898734178,2.0253164556962027,1.4936708860759493,0.3291139240506329,22.734177215189874,2.949367088607595,1.7341772151898733,0.0,3.7848101265822787,2.3797468354430378,0.0379746835443038,0.5822784810126582,4.582278481012659,3.5063291139240507,7.6455696202531644,65.0,11.151898734177216,66.0253164556962,26.10126582278481,3.8227848101265822,25.303797468354432,6.379746835443038,10.89873417721519,5.708860759493671,4.2784810126582276,16.39240506329114,3.1392405063291138,4.113924050632911,6.6455696202531644,4.139240506329114,6.810126582278481,7.582278481012659,69.0,5.037974683544304,4.544303797468355,4.810126582278481,5.405063291139241,4.848101265822785,14.215189873417721,8.126582278481013,12.721518987341772,10.037974683544304,4.443037974683544,8.253164556962025,2.1139240506329116,3.5316455696202533,33.265822784810126,25.924050632911392,4.3924050632911396,15.50632911392405,4.075949367088608,9.0,8.822784810126583,7.556962025316456,5.8354430379746836,8.379746835443038,49.30379746835443,7.291139240506329,9.012658227848101,1.4556962025316456,6.544303797468355,3.2151898734177213,1.759493670886076,5.3544303797468356
"ministerie van Justitie en Veiligheid,ministerie van Volksgezondheid, Welzijn en Sport",1.5,5.5,4.5,4.5,3.0,4.0,3.0,3.5,4.5,3.0,4.5,3.0,5.0,0.0,0.0,0.0,0.0,0.0,0.0,1.5,2.5,0.5,0.0,1.5,4.0,0.5,1.0,2.5,2.0,1.0,3.0,1.5,2.5,1.5,1.5,1.0,1.5,2.0,0.5,0.5,1.5,2.0,2.5,1.0,0.0,0.0,3.5,1.5,1.0,1.0,30.5,1.0,10.5,8.0,81.5,6.0,9.5,5.0,45.0,0.0,14.5,2.5,1.0,1.0,0.0,0.5,0.0,65.0,3.0,12.0,4.0,0.0,6.0,5.5,24.5,1.0,1.0,2.5,0.0,30.0,52.5,34.0,16.5,23.0,4.5,1.5,12.0,63.5,0.0,0.0,0.0,1.5,0.0,1.5,0.0,0.0,3.0,16.5,6.5,19.5,0.5,5.0,4.5,3.5,0.0,7.0,18.0,0.0,4.5,0.0,41.0,22.0,2.5,4.0,10.0,13.5,2.5,7.5,0.0,36.5,1.0,7.0,2.0,0.5,1.5,0.0,1.0,0.5,25.0,0.5,0.0,0.0,18.0,12.5,3.0,18.5,2.0,0.0,19.0,0.0,11.5,0.0,16.5,18.5,99.5,0.0,4.5,0.0,2.0,9.5,10.0,6.0,5.0,13.0,0.0,0.0,2.5,79.0,4.0,20.5,8.5,21.0,0.0,1.5,73.5,41.5,5.0,0.0,12.0,1.5,5.5,27.5,0.0,2.0,63.0,45.0,1.0,39.5,0.0,2.5,2.0,6.0,0.0,2.0,3.5,1.5,0.0,1.5,0.0,2.5,4.0,2.0,2.5,0.0,1.0,7.5,1.5,10.5,1.5,2.5,0.5,103.0,3.5,0.0,0.5,0.5,5.5,5.5,8.5,2.5,0.0,10.0,0.0,5.5,26.5,4.5,8.0,3.5,71.5,12.5,2.5,11.0,3.0,0.0,6.0,24.0,13.0,13.0,1.0,5.0,6.0,0.0,25.5,44.5,15.0,0.0,4.0,10.0,5.5,2.5,14.5,18.5,80.0,7.0,8.0,6.5,19.5,4.5,1.0,5.0
"ministerie van Landbouw, Natuur en Voedselkwaliteit",7.94,21.66,9.92,12.02,10.54,7.74,7.5,9.44,6.76,6.5,6.72,8.78,10.6,5.54,4.08,10.06,12.64,19.72,22.22,18.9,7.38,1.36,0.38,3.66,3.38,3.42,4.28,8.7,3.56,3.04,4.04,3.28,5.38,3.66,2.8,2.72,3.7,6.28,1.3,2.62,1.08,0.84,0.98,1.1,1.26,0.58,0.7,0.76,0.98,2.06,59.84,6.84,22.34,6.02,3.88,16.84,11.22,5.82,28.6,63.72,11.4,6.4,16.08,13.82,21.14,4.64,3.76,45.44,7.6,4.32,7.38,3.14,4.54,5.76,24.42,4.84,5.7,4.58,4.38,42.64,45.4,34.72,2.54,43.94,4.48,7.76,3.4,29.78,13.68,3.16,4.62,3.52,7.28,1.98,19.44,3.72,4.7,9.06,3.14,17.14,12.56,3.38,5.26,2.1,3.2,4.18,3.38,8.26,5.14,3.54,14.54,19.6,4.08,4.66,5.36,5.04,5.52,5.56,1.54,9.62,6.8,7.34,1.86,16.0,7.14,0.9,6.06,6.18,19.16,6.6,0.8,0.0,5.32,3.78,2.28,15.76,1.8,17.34,11.06,7.16,6.56,0.16,15.86,0.7,73.34,3.64,3.96,5.4,5.66,9.48,6.48,10.74,7.82,22.04,12.54,6.4,3.12,56.08,6.16,23.26,3.94,9.82,3.98,2.92,110.44,42.5,7.16,19.2,15.66,4.18,0.98,6.8,2.86,1.94,30.6,113.66,3.06,23.56,5.94,9.84,5.7,27.28,5.8,0.54,0.64,5.72,2.58,12.98,5.14,17.08,0.2,4.82,2.0,0.1,2.92,3.42,0.08,5.08,3.52,4.46,10.54,78.08,7.96,105.56,36.48,4.08,31.04,6.54,10.14,5.24,10.16,24.96,4.12,4.38,5.98,4.02,7.94,6.74,103.32,5.88,3.86,6.28,6.5,3.46,12.44,6.52,5.78,8.72,5.28,4.38,2.08,7.94,54.94,48.62,9.76,4.88,9.28,3.12,7.36,6.1,2.84,3.6,61.22,7.26,9.56,0.74,5.26,4.1,4.18,4.48
"ministerie van Landbouw, Natuur en Voedselkwaliteit,ministerie van Binnenlandse Zaken en Koninkrijksrelaties",0.0,1.0,0.0,0.0,0.0,0.0,0.0,0.0,0.0,0.0,0.0,0.0,0.0,0.0,0.0,1.0,0.0,0.0,0.0,3.0,0.0,1.0,0.0,0.0,0.0,2.0,0.0,0.0,0.0,0.0,0.0,2.0,0.0,0.0,0.0,0.0,0.0,0.0,0.0,0.0,0.0,0.0,0.0,0.0,0.0,0.0,0.0,0.0,0.0,0.0,10.0,4.0,0.0,2.0,0.0,1.0,0.0,0.0,1.0,0.0,1.0,0.0,2.0,2.0,0.0,0.0,1.0,4.0,2.0,0.0,0.0,2.0,1.0,0.0,2.0,0.0,1.0,1.0,4.0,0.0,1.0,2.0,0.0,2.0,0.0,2.0,0.0,0.0,0.0,0.0,0.0,0.0,0.0,0.0,0.0,0.0,1.0,0.0,0.0,1.0,0.0,0.0,0.0,0.0,0.0,1.0,0.0,2.0,0.0,4.0,0.0,1.0,0.0,1.0,0.0,0.0,0.0,0.0,0.0,3.0,0.0,0.0,0.0,0.0,0.0,0.0,2.0,5.0,0.0,2.0,0.0,0.0,0.0,0.0,0.0,0.0,0.0,0.0,0.0,1.0,0.0,0.0,2.0,0.0,3.0,0.0,0.0,2.0,0.0,0.0,0.0,0.0,2.0,4.0,0.0,0.0,0.0,3.0,0.0,1.0,0.0,1.0,1.0,1.0,2.0,2.0,0.0,0.0,1.0,3.0,0.0,0.0,0.0,0.0,3.0,11.0,1.0,5.0,0.0,2.0,0.0,0.0,0.0,0.0,0.0,3.0,4.0,0.0,0.0,0.0,0.0,0.0,0.0,0.0,0.0,0.0,0.0,0.0,0.0,0.0,0.0,2.0,0.0,0.0,0.0,0.0,0.0,0.0,0.0,0.0,2.0,1.0,1.0,0.0,0.0,1.0,1.0,1.0,3.0,0.0,0.0,0.0,0.0,1.0,1.0,0.0,0.0,0.0,0.0,0.0,0.0,2.0,2.0,6.0,1.0,4.0,3.0,0.0,1.0,0.0,0.0,0.0,3.0,0.0,0.0,0.0,0.0,0.0,0.0,0.0
"ministerie van Onderwijs, Cultuur en Wetenschap",8.91891891891892,9.824324324324325,10.324324324324325,6.162162162162162,5.351351351351352,4.608108108108108,4.472972972972973,6.45945945945946,4.756756756756757,4.27027027027027,4.324324324324325,4.513513513513513,6.851351351351352,1.554054054054054,2.2837837837837838,1.5,2.9324324324324325,6.148648648648648,6.608108108108108,8.702702702702704,8.283783783783784,4.445945945945946,0.08108108108108109,3.7432432432432434,3.135135135135135,3.1621621621621623,3.472972972972973,4.54054054054054,2.7972972972972974,2.5945945945945947,2.4054054054054053,2.7567567567567566,8.905405405405405,2.554054054054054,1.9864864864864864,3.5675675675675675,3.22972972972973,4.54054054054054,0.7837837837837838,2.189189189189189,1.5,0.8243243243243243,0.8783783783783784,0.9459459459459459,1.2162162162162162,0.7972972972972973,0.581081081081081,0.7027027027027027,0.7567567567567568,1.8243243243243243,57.567567567567565,3.675675675675676,12.216216216216216,3.3378378378378377,3.2837837837837838,8.04054054054054,11.783783783783784,6.121621621621622,37.33783783783784,0.3783783783783784,16.37837837837838,2.2837837837837838,39.36486486486486,8.391891891891891,1.4189189189189189,5.824324324324325,5.6891891891891895,44.86486486486486,2.8513513513513513,7.864864864864865,8.013513513513514,3.081081081081081,5.756756756756757,4.837837837837838,23.2972972972973,4.27027027027027,2.1621621621621623,7.486486486486487,3.581081081081081,38.4054054054054,56.95945945945946,40.2027027027027,5.472972972972973,28.554054054054053,3.810810810810811,16.445945945945947,6.445945945945946,29.472972972972972,0.7702702702702703,1.0405405405405406,1.1756756756756757,6.04054054054054,3.7432432432432434,4.378378378378378,0.06756756756756757,7.445945945945946,9.54054054054054,8.094594594594595,4.45945945945946,14.554054054054054,6.702702702702703,5.121621621621622,5.135135135135135,8.756756756756756,4.594594594594595,7.527027027027027,7.04054054054054,3.554054054054054,3.9324324324324325,2.1486486486486487,18.864864864864863,19.824324324324323,4.72972972972973,3.2027027027027026,7.824324324324325,3.22972972972973,7.554054054054054,11.31081081081081,3.4594594594594597,8.905405405405405,5.648648648648648,6.581081081081081,3.0945945945945947,15.95945945945946,4.054054054054054,5.081081081081081,3.7027027027027026,4.378378378378378,21.37837837837838,0.7567567567567568,0.02702702702702703,0.0,5.77027027027027,4.756756756756757,3.8783783783783785,20.283783783783782,10.905405405405405,38.5,9.905405405405405,4.081081081081081,10.972972972972974,23.756756756756758,17.31081081081081,1.445945945945946,73.39189189189189,3.5,4.797297297297297,11.121621621621621,2.2432432432432434,6.783783783783784,6.094594594594595,9.554054054054054,7.364864864864865,26.824324324324323,5.527027027027027,5.378378378378378,3.27027027027027,46.5945945945946,6.324324324324325,5.756756756756757,5.554054054054054,9.14864864864865,3.472972972972973,4.675675675675675,54.229729729729726,53.7972972972973,6.716216216216216,0.5675675675675675,15.945945945945946,21.986486486486488,38.17567567567568,10.202702702702704,5.108108108108108,7.405405405405405,36.270270270270274,101.62162162162163,5.486486486486487,31.16216216216216,2.918918918918919,3.1486486486486487,3.891891891891892,11.472972972972974,2.9864864864864864,2.22972972972973,0.918918918918919,3.7837837837837838,4.148648648648648,3.581081081081081,6.081081081081081,8.162162162162161,1.3108108108108107,4.635135135135135,3.445945945945946,0.0,4.797297297297297,6.905405405405405,22.18918918918919,7.0,4.148648648648648,5.8108108108108105,4.95945945945946,86.63513513513513,13.027027027027026,0.7972972972972973,0.25675675675675674,3.027027027027027,25.18918918918919,5.5675675675675675,11.662162162162161,5.256756756756757,14.716216216216216,20.54054054054054,2.945945945945946,3.891891891891892,5.54054054054054,4.364864864864865,5.621621621621622,4.337837837837838,118.83783783783784,5.45945945945946,10.108108108108109,6.716216216216216,3.4054054054054053,4.918918918918919,5.04054054054054,9.58108108108108,20.175675675675677,9.41891891891892,9.054054054054054,1.8243243243243243,4.527027027027027,13.797297297297296,40.12162162162162,38.554054054054056,4.054054054054054,1.554054054054054,9.5,4.554054054054054,8.972972972972974,6.094594594594595,5.851351351351352,13.337837837837839,54.62162162162162,9.85135135135135,8.41891891891892,2.6486486486486487,3.3783783783783785,5.054054054054054,3.891891891891892,4.5
"ministerie van Onderwijs, Cultuur en Wetenschap,ministerie van Sociale Zaken en Werkgelegenheid",0.0,0.0,0.0,0.0,0.0,0.0,0.0,0.0,0.0,1.0,1.0,0.0,0.0,0.0,0.0,3.0,0.0,2.0,2.0,4.0,0.0,0.0,0.0,0.0,0.0,1.0,1.0,1.0,0.0,0.0,0.0,0.0,0.0,0.0,0.0,0.0,0.0,1.0,0.0,0.0,0.0,0.0,0.0,0.0,0.0,0.0,0.0,0.0,0.0,0.0,6.0,9.0,6.0,2.0,0.0,0.0,0.0,0.0,3.0,0.0,3.0,8.0,0.0,1.0,0.0,3.0,1.0,8.0,0.0,3.0,2.0,2.0,1.0,2.0,0.0,0.0,1.0,1.0,5.0,7.0,6.0,3.0,0.0,7.0,1.0,0.0,1.0,10.0,0.0,0.0,0.0,1.0,0.0,0.0,0.0,1.0,3.0,0.0,0.0,2.0,0.0,0.0,0.0,12.0,0.0,0.0,1.0,0.0,0.0,5.0,5.0,3.0,3.0,1.0,4.0,1.0,0.0,1.0,0.0,6.0,0.0,2.0,1.0,0.0,1.0,0.0,0.0,3.0,3.0,1.0,0.0,0.0,1.0,0.0,0.0,7.0,3.0,0.0,1.0,1.0,1.0,0.0,1.0,0.0,13.0,0.0,1.0,3.0,1.0,2.0,2.0,1.0,0.0,2.0,2.0,0.0,0.0,5.0,0.0,2.0,2.0,1.0,0.0,0.0,6.0,14.0,1.0,0.0,1.0,0.0,12.0,0.0,0.0,4.0,13.0,15.0,0.0,10.0,0.0,4.0,0.0,0.0,3.0,0.0,0.0,4.0,0.0,0.0,0.0,0.0,0.0,0.0,0.0,0.0,3.0,0.0,5.0,0.0,0.0,2.0,0.0,31.0,0.0,0.0,0.0,0.0,1.0,0.0,0.0,4.0,2.0,2.0,4.0,1.0,1.0,1.0,0.0,4.0,7.0,0.0,4.0,9.0,1.0,1.0,0.0,1.0,7.0,2.0,1.0,0.0,1.0,0.0,6.0,4.0,2.0,1.0,2.0,1.0,1.0,0.0,0.0,4.0,15.0,3.0,3.0,3.0,0.0,1.0,2.0,2.0
ministerie van Sociale Zaken en Werkgelegenheid,11.745098039215685,36.666666666666664,38.35294117647059,7.745098039215686,8.705882352941176,8.137254901960784,6.372549019607843,8.333333333333334,7.529411764705882,6.529411764705882,6.7254901960784315,5.647058823529412,13.058823529411764,9.392156862745098,2.2549019607843137,4.176470588235294,2.235294117647059,7.686274509803922,9.607843137254902,13.0,9.07843137254902,4.196078431372549,0.29411764705882354,4.352941176470588,4.098039215686274,3.372549019607843,3.823529411764706,5.078431372549019,2.8823529411764706,5.196078431372549,3.0784313725490198,4.705882352941177,8.627450980392156,5.117647058823529,3.0784313725490198,4.137254901960785,8.392156862745098,11.588235294117647,3.980392156862745,9.686274509803921,6.03921568627451,5.8431372549019605,4.352941176470588,6.392156862745098,8.196078431372548,2.4313725490196076,2.3529411764705883,1.9411764705882353,1.5490196078431373,7.313725490196078,36.88235294117647,2.0588235294117645,15.784313725490197,1.4313725490196079,2.5098039215686274,4.647058823529412,7.235294117647059,3.7450980392156863,26.294117647058822,3.4901960784313726,8.549019607843137,7.568627450980392,7.254901960784314,8.235294117647058,4.333333333333333,2.5294117647058822,3.980392156862745,37.21568627450981,4.882352941176471,5.7254901960784315,4.882352941176471,2.4705882352941178,3.0784313725490198,3.980392156862745,20.784313725490197,1.3529411764705883,5.0,5.450980392156863,3.176470588235294,33.588235294117645,38.254901960784316,25.627450980392158,3.1176470588235294,20.19607843137255,3.823529411764706,5.1568627450980395,6.0588235294117645,22.392156862745097,0.7058823529411765,23.470588235294116,0.6274509803921569,3.3137254901960786,3.980392156862745,2.0784313725490198,1.1176470588235294,7.549019607843137,7.627450980392157,8.0,2.607843137254902,14.627450980392156,7.686274509803922,5.490196078431373,4.313725490196078,6.470588235294118,4.333333333333333,3.176470588235294,2.4705882352941178,2.5098039215686274,2.3529411764705883,2.5294117647058822,15.07843137254902,19.92156862745098,6.1568627450980395,3.4705882352941178,6.8431372549019605,1.4901960784313726,1.8235294117647058,6.392156862745098,1.8235294117647058,8.450980392156863,3.784313725490196,4.2745098039215685,4.0588235294117645,34.05882352941177,2.3529411764705883,2.588235294117647,2.0392156862745097,3.411764705882353,13.803921568627452,2.2941176470588234,0.0196078431372549,0.0,3.3529411764705883,3.0588235294117645,9.176470588235293,10.098039215686274,4.705882352941177,5.196078431372549,8.03921568627451,5.0588235294117645,6.745098039215686,0.5686274509803921,11.372549019607844,5.372549019607843,64.7843137254902,1.196078431372549,4.235294117647059,4.647058823529412,5.117647058823529,4.823529411764706,3.6862745098039214,6.745098039215686,9.647058823529411,25.725490196078432,6.176470588235294,1.6274509803921569,2.9411764705882355,44.411764705882355,2.843137254901961,4.215686274509804,1.9019607843137254,5.7254901960784315,2.5686274509803924,4.098039215686274,35.568627450980394,30.313725490196077,4.137254901960785,0.9803921568627451,11.529411764705882,2.215686274509804,2.8627450980392157,11.098039215686274,3.8627450980392157,4.901960784313726,21.862745098039216,87.37254901960785,3.9019607843137254,20.666666666666668,2.7254901960784315,5.686274509803922,1.411764705882353,11.764705882352942,2.450980392156863,12.176470588235293,0.6470588235294118,2.0,2.235294117647059,3.372549019607843,5.862745098039215,2.803921568627451,1.7647058823529411,3.6470588235294117,4.392156862745098,0.0,1.9019607843137254,1.8431372549019607,0.45098039215686275,2.6666666666666665,4.803921568627451,2.5686274509803924,11.803921568627452,55.0,9.784313725490197,6.03921568627451,2.3529411764705883,3.3137254901960786,34.588235294117645,7.901960784313726,11.431372549019608,3.803921568627451,4.235294117647059,18.745098039215687,7.647058823529412,3.176470588235294,3.392156862745098,2.803921568627451,4.254901960784314,4.607843137254902,78.25490196078431,9.666666666666666,8.27450980392157,5.372549019607843,3.588235294117647,3.5686274509803924,6.294117647058823,8.803921568627452,12.470588235294118,8.156862745098039,7.294117647058823,1.7450980392156863,7.254901960784314,8.372549019607844,27.725490196078432,27.58823529411765,2.588235294117647,7.137254901960785,5.823529411764706,2.7450980392156863,8.215686274509803,6.431372549019608,5.078431372549019,6.470588235294118,45.509803921568626,6.392156862745098,5.8431372549019605,1.6666666666666667,5.098039215686274,2.549019607843137,2.2549019607843137,2.764705882352941
"ministerie van Volksgezondheid, Welzijn en Sport",3.736842105263158,19.66315789473684,2.526315789473684,7.684210526315789,5.757894736842105,3.610526315789474,3.231578947368421,4.421052631578948,3.473684210526316,2.9473684210526314,4.042105263157895,5.6,3.8105263157894735,1.1789473684210525,1.0526315789473684,4.052631578947368,4.073684210526316,11.852631578947369,33.694736842105264,10.978947368421053,4.7894736842105265,1.568421052631579,0.15789473684210525,2.831578947368421,2.210526315789474,2.6,2.557894736842105,3.0842105263157893,1.694736842105263,2.863157894736842,2.1157894736842104,1.894736842105263,2.5052631578947366,2.831578947368421,1.3473684210526315,3.9263157894736844,1.263157894736842,2.1894736842105265,0.5578947368421052,0.8526315789473684,0.47368421052631576,0.5578947368421052,0.6526315789473685,0.6526315789473685,0.8526315789473684,0.4631578947368421,0.4,0.3157894736842105,0.3368421052631579,0.8315789473684211,39.36842105263158,2.8842105263157896,9.536842105263158,3.6526315789473682,2.305263157894737,4.347368421052631,7.273684210526316,2.642105263157895,19.210526315789473,0.9052631578947369,8.894736842105264,3.0526315789473686,8.6,5.852631578947369,0.8105263157894737,3.778947368421053,3.526315789473684,29.063157894736843,3.8947368421052633,4.863157894736842,7.2,4.389473684210526,2.957894736842105,4.031578947368421,12.536842105263158,1.3578947368421053,2.642105263157895,3.7578947368421054,2.4526315789473685,29.63157894736842,32.07368421052632,26.88421052631579,3.231578947368421,17.94736842105263,2.3789473684210525,4.810526315789474,4.168421052631579,21.42105263157895,0.3473684210526316,0.7368421052631579,0.7789473684210526,2.957894736842105,1.0736842105263158,2.0526315789473686,0.37894736842105264,4.631578947368421,5.442105263157894,4.589473684210526,3.1157894736842104,9.74736842105263,3.610526315789474,2.968421052631579,3.736842105263158,4.168421052631579,2.0,5.294736842105263,5.273684210526316,2.094736842105263,1.9894736842105263,1.8631578947368421,13.23157894736842,17.6,3.9368421052631577,3.042105263157895,6.3052631578947365,8.74736842105263,2.968421052631579,6.894736842105263,1.6736842105263159,15.757894736842106,2.042105263157895,6.378947368421053,8.242105263157894,8.0,2.3157894736842106,1.105263157894737,2.4842105263157896,6.536842105263158,13.74736842105263,3.8526315789473684,0.25263157894736843,0.021052631578947368,4.71578947368421,3.031578947368421,3.968421052631579,13.631578947368421,4.484210526315789,4.442105263157894,6.021052631578947,7.157894736842105,6.663157894736842,0.24210526315789474,11.147368421052631,6.073684210526316,52.56842105263158,8.052631578947368,2.7157894736842105,2.7578947368421054,3.263157894736842,5.431578947368421,4.947368421052632,7.052631578947368,4.094736842105263,17.073684210526316,5.536842105263158,1.9684210526315788,3.0736842105263156,29.757894736842104,4.610526315789474,11.715789473684211,4.6421052631578945,7.473684210526316,5.7894736842105265,4.221052631578948,25.189473684210526,34.32631578947368,3.357894736842105,0.6210526315789474,10.494736842105263,2.1894736842105265,0.8842105263157894,7.231578947368421,2.3157894736842106,1.5473684210526315,22.673684210526314,69.43157894736842,3.136842105263158,23.0,1.8631578947368421,7.463157894736842,4.515789473684211,9.336842105263157,1.736842105263158,4.273684210526316,1.0947368421052632,4.484210526315789,1.7578947368421052,1.9684210526315788,3.863157894736842,3.7263157894736842,1.105263157894737,2.0631578947368423,2.6736842105263157,0.0,3.336842105263158,2.0105263157894737,0.6842105263157895,1.431578947368421,2.8210526315789473,3.210526315789474,1.9157894736842105,56.50526315789474,5.705263157894737,0.968421052631579,0.9263157894736842,2.336842105263158,17.021052631578947,3.0210526315789474,6.568421052631579,3.305263157894737,7.073684210526316,13.242105263157894,5.431578947368421,3.768421052631579,3.831578947368421,3.526315789473684,4.831578947368421,4.4526315789473685,68.02105263157895,5.568421052631579,7.526315789473684,5.442105263157894,2.768421052631579,2.463157894736842,4.6947368421052635,9.2,8.852631578947369,5.315789473684211,6.7368421052631575,0.8947368421052632,2.694736842105263,4.2631578947368425,26.189473684210526,21.105263157894736,8.68421052631579,2.1578947368421053,7.873684210526315,3.557894736842105,7.11578947368421,4.063157894736842,3.357894736842105,8.16842105263158,40.83157894736842,6.610526315789474,7.178947368421053,29.442105263157895,2.5789473684210527,2.3157894736842106,2.6,2.568421052631579
